{"cameraMode":{"drawMode":0,"name":"Shaded","section":"Shading Mode"},"sceneLighting":false,"audioPlay":false,"sceneViewState":{"m_AlwaysRefresh":false,"showFog":true,"showSkybox":false,"showFlares":true,"showImageEffects":true,"showParticleSystems":true,"showVisualEffectGraphs":true,"m_FxEnabled":true},"in2DMode":false,"pivot":{"x":-1.2645214796066285,"y":1.2305976152420045,"z":30.76921844482422},"rotation":{"x":0.0013782053720206023,"y":-0.9978882074356079,"z":0.022766858339309694,"w":0.06135275959968567},"size":1.3460830450057984,"orthographic":false}